웹 검색 관심 대상: 선풍기 도시락 냉장고 목도리,,,,
전 세계 2004년 - 현재,,,,
,,,,
시간 경과에 따른 관심도 변화,,,,
주,선풍기,도시락,냉장고,목도리
2004-01-04 - 2004-01-10,2,8,6,2
2004-01-11 - 2004-01-17,0,5,7,2
2004-01-18 - 2004-01-24,0,2,7,3
2004-01-25 - 2004-01-31,0,3,5,3
2004-02-01 - 2004-02-07,0,2,4,2
2004-02-08 - 2004-02-14,0,4,5,2
2004-02-15 - 2004-02-21,0,3,7,2
2004-02-22 - 2004-02-28,0,2,4,2
2004-02-29 - 2004-03-06,0,5,6,3
2004-03-07 - 2004-03-13,0,4,6,3
2004-03-14 - 2004-03-20,1,2,7,3
2004-03-21 - 2004-03-27,1,3,6,3
2004-03-28 - 2004-04-03,1,5,6,0
2004-04-04 - 2004-04-10,1,3,6,0
2004-04-11 - 2004-04-17,1,9,6,0
2004-04-18 - 2004-04-24,1,4,5,0
2004-04-25 - 2004-05-01,2,3,3,0
2004-05-02 - 2004-05-08,1,3,6,0
2004-05-09 - 2004-05-15,1,2,5,0
2004-05-16 - 2004-05-22,2,2,7,0
2004-05-23 - 2004-05-29,3,4,4,0
2004-05-30 - 2004-06-05,8,2,5,0
2004-06-06 - 2004-06-12,3,3,4,1
2004-06-13 - 2004-06-19,4,3,6,1
2004-06-20 - 2004-06-26,5,2,4,0
2004-06-27 - 2004-07-03,4,3,8,0
2004-07-04 - 2004-07-10,4,4,3,0
2004-07-11 - 2004-07-17,3,2,3,0
2004-07-18 - 2004-07-24,6,2,4,0
2004-07-25 - 2004-07-31,6,3,9,0
2004-08-01 - 2004-08-07,6,3,4,0
2004-08-08 - 2004-08-14,5,2,5,0
2004-08-15 - 2004-08-21,1,3,4,0
2004-08-22 - 2004-08-28,1,1,6,1
2004-08-29 - 2004-09-04,1,3,3,0
2004-09-05 - 2004-09-11,1,5,4,0
2004-09-12 - 2004-09-18,1,4,4,0
2004-09-19 - 2004-09-25,2,2,5,0
2004-09-26 - 2004-10-02,1,1,4,0
2004-10-03 - 2004-10-09,2,1,5,0
2004-10-10 - 2004-10-16,1,1,6,0
2004-10-17 - 2004-10-23,1,1,2,1
2004-10-24 - 2004-10-30,1,3,5,1
2004-10-31 - 2004-11-06,1,3,5,2
2004-11-07 - 2004-11-13,5,3,3,3
2004-11-14 - 2004-11-20,1,1,4,3
2004-11-21 - 2004-11-27,6,1,7,2
2004-11-28 - 2004-12-04,12,2,4,3
2004-12-05 - 2004-12-11,4,1,5,2
2004-12-12 - 2004-12-18,4,2,4,2
2004-12-19 - 2004-12-25,3,1,4,3
2004-12-26 - 2005-01-01,5,1,2,3
2005-01-02 - 2005-01-08,3,1,2,1
2005-01-09 - 2005-01-15,1,8,5,2
2005-01-16 - 2005-01-22,1,3,5,3
2005-01-23 - 2005-01-29,2,3,4,1
2005-01-30 - 2005-02-05,1,2,3,1
2005-02-06 - 2005-02-12,1,2,1,1
2005-02-13 - 2005-02-19,1,2,4,1
2005-02-20 - 2005-02-26,1,2,3,1
2005-02-27 - 2005-03-05,3,1,5,1
2005-03-06 - 2005-03-12,2,1,3,1
2005-03-13 - 2005-03-19,2,1,2,0
2005-03-20 - 2005-03-26,1,2,2,0
2005-03-27 - 2005-04-02,1,3,7,0
2005-04-03 - 2005-04-09,3,1,5,0
2005-04-10 - 2005-04-16,1,2,3,0
2005-04-17 - 2005-04-23,4,2,2,0
2005-04-24 - 2005-04-30,2,2,3,0
2005-05-01 - 2005-05-07,4,2,3,0
2005-05-08 - 2005-05-14,2,1,3,0
2005-05-15 - 2005-05-21,1,3,3,0
2005-05-22 - 2005-05-28,1,4,2,0
2005-05-29 - 2005-06-04,3,2,4,0
2005-06-05 - 2005-06-11,2,1,3,1
2005-06-12 - 2005-06-18,2,2,5,0
2005-06-19 - 2005-06-25,2,1,6,0
2005-06-26 - 2005-07-02,5,1,5,0
2005-07-03 - 2005-07-09,1,2,4,0
2005-07-10 - 2005-07-16,1,3,4,0
2005-07-17 - 2005-07-23,4,1,5,0
2005-07-24 - 2005-07-30,2,2,2,0
2005-07-31 - 2005-08-06,2,3,4,0
2005-08-07 - 2005-08-13,2,2,3,0
2005-08-14 - 2005-08-20,2,3,3,0
2005-08-21 - 2005-08-27,2,2,3,0
2005-08-28 - 2005-09-03,1,2,3,0
2005-09-04 - 2005-09-10,1,2,3,0
2005-09-11 - 2005-09-17,1,2,1,1
2005-09-18 - 2005-09-24,1,2,3,1
2005-09-25 - 2005-10-01,2,2,3,1
2005-10-02 - 2005-10-08,2,3,4,1
2005-10-09 - 2005-10-15,1,2,4,1
2005-10-16 - 2005-10-22,1,2,3,1
2005-10-23 - 2005-10-29,1,1,2,1
2005-10-30 - 2005-11-05,1,4,1,1
2005-11-06 - 2005-11-12,3,2,5,1
2005-11-13 - 2005-11-19,1,5,3,1
2005-11-20 - 2005-11-26,1,5,4,1
2005-11-27 - 2005-12-03,1,3,3,2
2005-12-04 - 2005-12-10,1,3,2,1
2005-12-11 - 2005-12-17,1,3,4,1
2005-12-18 - 2005-12-24,1,5,2,1
2005-12-25 - 2005-12-31,1,3,2,1
2006-01-01 - 2006-01-07,1,3,3,2
2006-01-08 - 2006-01-14,1,2,3,1
2006-01-15 - 2006-01-21,1,3,1,1
2006-01-22 - 2006-01-28,1,1,3,1
2006-01-29 - 2006-02-04,1,5,3,1
2006-02-05 - 2006-02-11,1,3,1,1
2006-02-12 - 2006-02-18,1,4,2,0
2006-02-19 - 2006-02-25,1,4,2,0
2006-02-26 - 2006-03-04,2,3,2,0
2006-03-05 - 2006-03-11,1,2,2,0
2006-03-12 - 2006-03-18,1,3,2,0
2006-03-19 - 2006-03-25,1,4,1,0
2006-03-26 - 2006-04-01,1,3,3,0
2006-04-02 - 2006-04-08,1,4,2,1
2006-04-09 - 2006-04-15,1,3,2,1
2006-04-16 - 2006-04-22,1,4,1,1
2006-04-23 - 2006-04-29,1,3,3,1
2006-04-30 - 2006-05-06,1,4,1,1
2006-05-07 - 2006-05-13,1,3,3,1
2006-05-14 - 2006-05-20,2,3,2,1
2006-05-21 - 2006-05-27,2,3,3,1
2006-05-28 - 2006-06-03,1,3,3,1
2006-06-04 - 2006-06-10,1,3,4,1
2006-06-11 - 2006-06-17,2,5,3,1
2006-06-18 - 2006-06-24,2,4,3,1
2006-06-25 - 2006-07-01,2,3,3,1
2006-07-02 - 2006-07-08,1,3,3,1
2006-07-09 - 2006-07-15,2,4,4,1
2006-07-16 - 2006-07-22,2,2,2,1
2006-07-23 - 2006-07-29,2,3,3,1
2006-07-30 - 2006-08-05,1,3,4,1
2006-08-06 - 2006-08-12,1,2,2,1
2006-08-13 - 2006-08-19,2,4,3,1
2006-08-20 - 2006-08-26,1,2,3,1
2006-08-27 - 2006-09-02,2,4,3,1
2006-09-03 - 2006-09-09,1,4,2,1
2006-09-10 - 2006-09-16,1,3,2,1
2006-09-17 - 2006-09-23,1,3,2,1
2006-09-24 - 2006-09-30,1,4,3,1
2006-10-01 - 2006-10-07,1,4,2,1
2006-10-08 - 2006-10-14,1,5,3,1
2006-10-15 - 2006-10-21,1,4,2,1
2006-10-22 - 2006-10-28,1,3,2,1
2006-10-29 - 2006-11-04,1,4,2,1
2006-11-05 - 2006-11-11,1,4,3,0
2006-11-12 - 2006-11-18,0,5,2,1
2006-11-19 - 2006-11-25,0,3,3,1
2006-11-26 - 2006-12-02,1,4,3,1
2006-12-03 - 2006-12-09,1,4,3,1
2006-12-10 - 2006-12-16,0,4,3,2
2006-12-17 - 2006-12-23,0,4,3,1
2006-12-24 - 2006-12-30,1,6,2,1
2006-12-31 - 2007-01-06,1,7,3,1
2007-01-07 - 2007-01-13,0,4,2,1
2007-01-14 - 2007-01-20,0,4,2,0
2007-01-21 - 2007-01-27,0,5,2,1
2007-01-28 - 2007-02-03,0,3,3,0
2007-02-04 - 2007-02-10,0,4,2,0
2007-02-11 - 2007-02-17,1,7,2,0
2007-02-18 - 2007-02-24,0,5,2,0
2007-02-25 - 2007-03-03,1,6,2,0
2007-03-04 - 2007-03-10,1,4,2,0
2007-03-11 - 2007-03-17,1,7,2,0
2007-03-18 - 2007-03-24,1,6,2,1
2007-03-25 - 2007-03-31,1,5,3,0
2007-04-01 - 2007-04-07,0,7,2,0
2007-04-08 - 2007-04-14,0,7,3,0
2007-04-15 - 2007-04-21,1,7,3,0
2007-04-22 - 2007-04-28,1,8,2,0
2007-04-29 - 2007-05-05,1,7,3,0
2007-05-06 - 2007-05-12,1,8,3,1
2007-05-13 - 2007-05-19,1,6,3,0
2007-05-20 - 2007-05-26,1,6,2,0
2007-05-27 - 2007-06-02,2,6,3,0
2007-06-03 - 2007-06-09,1,6,3,0
2007-06-10 - 2007-06-16,1,5,3,0
2007-06-17 - 2007-06-23,2,5,3,0
2007-06-24 - 2007-06-30,1,5,2,1
2007-07-01 - 2007-07-07,2,5,3,0
2007-07-08 - 2007-07-14,1,6,2,0
2007-07-15 - 2007-07-21,1,5,3,0
2007-07-22 - 2007-07-28,2,6,2,0
2007-07-29 - 2007-08-04,1,4,3,0
2007-08-05 - 2007-08-11,2,5,2,1
2007-08-12 - 2007-08-18,1,5,2,1
2007-08-19 - 2007-08-25,1,4,4,0
2007-08-26 - 2007-09-01,0,5,2,0
2007-09-02 - 2007-09-08,1,4,3,0
2007-09-09 - 2007-09-15,1,4,3,0
2007-09-16 - 2007-09-22,0,4,1,0
2007-09-23 - 2007-09-29,1,4,2,0
2007-09-30 - 2007-10-06,1,4,2,0
2007-10-07 - 2007-10-13,1,4,2,0
2007-10-14 - 2007-10-20,0,4,1,0
2007-10-21 - 2007-10-27,0,5,2,0
2007-10-28 - 2007-11-03,1,6,2,1
2007-11-04 - 2007-11-10,0,5,3,0
2007-11-11 - 2007-11-17,1,7,2,1
2007-11-18 - 2007-11-24,0,5,3,1
2007-11-25 - 2007-12-01,1,3,2,1
2007-12-02 - 2007-12-08,1,4,4,1
2007-12-09 - 2007-12-15,0,4,2,1
2007-12-16 - 2007-12-22,0,5,2,1
2007-12-23 - 2007-12-29,0,3,1,1
2007-12-30 - 2008-01-05,0,4,2,1
2008-01-06 - 2008-01-12,0,4,1,1
2008-01-13 - 2008-01-19,0,3,2,1
2008-01-20 - 2008-01-26,0,3,2,0
2008-01-27 - 2008-02-02,1,4,2,0
2008-02-03 - 2008-02-09,0,3,1,0
2008-02-10 - 2008-02-16,0,3,1,0
2008-02-17 - 2008-02-23,1,4,2,0
2008-02-24 - 2008-03-01,1,4,1,0
2008-03-02 - 2008-03-08,1,3,1,0
2008-03-09 - 2008-03-15,0,3,1,0
2008-03-16 - 2008-03-22,1,4,3,0
2008-03-23 - 2008-03-29,1,6,2,0
2008-03-30 - 2008-04-05,0,4,2,0
2008-04-06 - 2008-04-12,0,4,3,0
2008-04-13 - 2008-04-19,1,3,2,0
2008-04-20 - 2008-04-26,1,4,2,0
2008-04-27 - 2008-05-03,1,4,2,0
2008-05-04 - 2008-05-10,1,4,2,0
2008-05-11 - 2008-05-17,3,3,2,0
2008-05-18 - 2008-05-24,1,4,2,0
2008-05-25 - 2008-05-31,1,4,2,0
2008-06-01 - 2008-06-07,1,4,3,0
2008-06-08 - 2008-06-14,3,4,3,0
2008-06-15 - 2008-06-21,1,4,2,0
2008-06-22 - 2008-06-28,3,3,3,1
2008-06-29 - 2008-07-05,1,3,3,0
2008-07-06 - 2008-07-12,4,3,3,0
2008-07-13 - 2008-07-19,3,3,3,0
2008-07-20 - 2008-07-26,1,4,3,0
2008-07-27 - 2008-08-02,2,4,2,0
2008-08-03 - 2008-08-09,1,3,3,0
2008-08-10 - 2008-08-16,1,3,2,1
2008-08-17 - 2008-08-23,1,3,2,0
2008-08-24 - 2008-08-30,1,3,3,0
2008-08-31 - 2008-09-06,1,3,2,0
2008-09-07 - 2008-09-13,1,3,2,0
2008-09-14 - 2008-09-20,0,4,3,0
2008-09-21 - 2008-09-27,0,4,2,1
2008-09-28 - 2008-10-04,0,3,2,0
2008-10-05 - 2008-10-11,1,4,2,0
2008-10-12 - 2008-10-18,0,3,3,1
2008-10-19 - 2008-10-25,1,4,2,1
2008-10-26 - 2008-11-01,0,3,2,0
2008-11-02 - 2008-11-08,0,4,2,0
2008-11-09 - 2008-11-15,1,3,2,1
2008-11-16 - 2008-11-22,0,4,2,1
2008-11-23 - 2008-11-29,0,3,4,1
2008-11-30 - 2008-12-06,0,5,2,1
2008-12-07 - 2008-12-13,0,4,2,1
2008-12-14 - 2008-12-20,0,4,2,1
2008-12-21 - 2008-12-27,0,4,1,1
2008-12-28 - 2009-01-03,1,3,1,1
2009-01-04 - 2009-01-10,0,4,1,1
2009-01-11 - 2009-01-17,0,4,2,1
2009-01-18 - 2009-01-24,0,4,1,1
2009-01-25 - 2009-01-31,0,4,2,0
2009-02-01 - 2009-02-07,0,3,1,0
2009-02-08 - 2009-02-14,0,5,1,0
2009-02-15 - 2009-02-21,0,4,2,0
2009-02-22 - 2009-02-28,0,4,1,0
2009-03-01 - 2009-03-07,0,4,2,0
2009-03-08 - 2009-03-14,1,3,1,0
2009-03-15 - 2009-03-21,0,4,2,0
2009-03-22 - 2009-03-28,0,3,2,0
2009-03-29 - 2009-04-04,1,5,2,0
2009-04-05 - 2009-04-11,0,5,2,0
2009-04-12 - 2009-04-18,1,5,2,0
2009-04-19 - 2009-04-25,0,4,2,0
2009-04-26 - 2009-05-02,1,5,2,0
2009-05-03 - 2009-05-09,1,4,2,0
2009-05-10 - 2009-05-16,1,4,3,0
2009-05-17 - 2009-05-23,1,4,2,0
2009-05-24 - 2009-05-30,2,3,2,0
2009-05-31 - 2009-06-06,1,4,2,1
2009-06-07 - 2009-06-13,1,4,2,0
2009-06-14 - 2009-06-20,1,3,2,0
2009-06-21 - 2009-06-27,2,4,3,0
2009-06-28 - 2009-07-04,2,5,2,0
2009-07-05 - 2009-07-11,1,4,2,0
2009-07-12 - 2009-07-18,2,4,2,0
2009-07-19 - 2009-07-25,1,4,2,0
2009-07-26 - 2009-08-01,1,3,2,0
2009-08-02 - 2009-08-08,1,4,3,0
2009-08-09 - 2009-08-15,1,3,2,0
2009-08-16 - 2009-08-22,1,4,2,0
2009-08-23 - 2009-08-29,0,4,2,0
2009-08-30 - 2009-09-05,0,4,2,0
2009-09-06 - 2009-09-12,0,3,2,0
2009-09-13 - 2009-09-19,0,3,2,0
2009-09-20 - 2009-09-26,0,3,2,0
2009-09-27 - 2009-10-03,0,2,2,0
2009-10-04 - 2009-10-10,0,3,3,1
2009-10-11 - 2009-10-17,1,3,7,1
2009-10-18 - 2009-10-24,0,2,2,0
2009-10-25 - 2009-10-31,0,2,6,0
2009-11-01 - 2009-11-07,0,3,3,1
2009-11-08 - 2009-11-14,0,3,2,1
2009-11-15 - 2009-11-21,1,3,3,1
2009-11-22 - 2009-11-28,0,3,3,1
2009-11-29 - 2009-12-05,0,3,3,1
2009-12-06 - 2009-12-12,0,3,2,1
2009-12-13 - 2009-12-19,0,3,2,2
2009-12-20 - 2009-12-26,0,2,3,2
2009-12-27 - 2010-01-02,0,3,2,1
2010-01-03 - 2010-01-09,0,2,2,1
2010-01-10 - 2010-01-16,0,3,2,1
2010-01-17 - 2010-01-23,0,3,2,1
2010-01-24 - 2010-01-30,0,3,3,1
2010-01-31 - 2010-02-06,0,3,2,1
2010-02-07 - 2010-02-13,0,2,1,1
2010-02-14 - 2010-02-20,0,2,2,0
2010-02-21 - 2010-02-27,0,2,2,0
2010-02-28 - 2010-03-06,1,2,2,0
2010-03-07 - 2010-03-13,0,2,2,0
2010-03-14 - 2010-03-20,0,2,4,0
2010-03-21 - 2010-03-27,0,3,3,13
2010-03-28 - 2010-04-03,1,2,2,3
2010-04-04 - 2010-04-10,0,3,2,0
2010-04-11 - 2010-04-17,0,3,2,0
2010-04-18 - 2010-04-24,0,2,2,0
2010-04-25 - 2010-05-01,1,2,1,0
2010-05-02 - 2010-05-08,1,3,2,0
2010-05-09 - 2010-05-15,1,3,2,0
2010-05-16 - 2010-05-22,1,2,3,0
2010-05-23 - 2010-05-29,1,3,3,0
2010-05-30 - 2010-06-05,1,3,2,0
2010-06-06 - 2010-06-12,3,2,2,1
2010-06-13 - 2010-06-19,2,1,2,0
2010-06-20 - 2010-06-26,2,3,2,0
2010-06-27 - 2010-07-03,2,3,2,0
2010-07-04 - 2010-07-10,3,3,3,0
2010-07-11 - 2010-07-17,2,2,2,0
2010-07-18 - 2010-07-24,4,3,3,0
2010-07-25 - 2010-07-31,2,3,3,0
2010-08-01 - 2010-08-07,6,4,4,0
2010-08-08 - 2010-08-14,3,3,4,0
2010-08-15 - 2010-08-21,2,4,3,1
2010-08-22 - 2010-08-28,2,5,5,0
2010-08-29 - 2010-09-04,2,7,5,0
2010-09-05 - 2010-09-11,3,79,8,1
2010-09-12 - 2010-09-18,2,25,6,1
2010-09-19 - 2010-09-25,1,30,7,1
2010-09-26 - 2010-10-02,2,36,12,2
2010-10-03 - 2010-10-09,1,29,7,2
2010-10-10 - 2010-10-16,2,30,8,2
2010-10-17 - 2010-10-23,1,26,7,4
2010-10-24 - 2010-10-30,1,21,7,11
2010-10-31 - 2010-11-06,1,22,8,11
2010-11-07 - 2010-11-13,100,37,8,13
2010-11-14 - 2010-11-20,3,36,9,9
2010-11-21 - 2010-11-27,1,19,10,14
2010-11-28 - 2010-12-04,1,18,9,27
2010-12-05 - 2010-12-11,1,19,9,25
2010-12-12 - 2010-12-18,1,20,8,20
2010-12-19 - 2010-12-25,1,28,6,18
2010-12-26 - 2011-01-01,5,18,6,33
2011-01-02 - 2011-01-08,1,17,7,9
2011-01-09 - 2011-01-15,1,16,5,8
2011-01-16 - 2011-01-22,1,19,5,7
2011-01-23 - 2011-01-29,0,12,5,4
2011-01-30 - 2011-02-05,0,6,7,2
2011-02-06 - 2011-02-12,0,10,4,1
2011-02-13 - 2011-02-19,1,6,4,1
2011-02-20 - 2011-02-26,0,6,3,0
2011-02-27 - 2011-03-05,0,6,5,0
2011-03-06 - 2011-03-12,1,5,4,0
2011-03-13 - 2011-03-19,1,5,4,1
2011-03-20 - 2011-03-26,1,7,4,0
2011-03-27 - 2011-04-02,1,6,4,0
2011-04-03 - 2011-04-09,1,7,4,0
2011-04-10 - 2011-04-16,1,7,4,0
2011-04-17 - 2011-04-23,1,8,5,0
2011-04-24 - 2011-04-30,1,7,4,0
2011-05-01 - 2011-05-07,1,9,4,0
2011-05-08 - 2011-05-14,1,8,5,0
2011-05-15 - 2011-05-21,2,10,4,0
2011-05-22 - 2011-05-28,3,10,5,0
2011-05-29 - 2011-06-04,4,9,5,0
2011-06-05 - 2011-06-11,4,8,5,1
2011-06-12 - 2011-06-18,7,8,6,0
2011-06-19 - 2011-06-25,8,7,6,0
2011-06-26 - 2011-07-02,5,11,6,1
2011-07-03 - 2011-07-09,6,12,6,0
2011-07-10 - 2011-07-16,5,9,7,0
2011-07-17 - 2011-07-23,9,9,7,1
2011-07-24 - 2011-07-30,6,8,6,0
2011-07-31 - 2011-08-06,6,8,6,0
2011-08-07 - 2011-08-13,4,8,7,0
2011-08-14 - 2011-08-20,3,7,6,0
2011-08-21 - 2011-08-27,2,10,5,0
2011-08-28 - 2011-09-03,3,8,5,0
2011-09-04 - 2011-09-10,1,8,5,0
2011-09-11 - 2011-09-17,1,7,7,1
2011-09-18 - 2011-09-24,1,8,5,1
2011-09-25 - 2011-10-01,1,9,5,1
2011-10-02 - 2011-10-08,1,11,5,1
2011-10-09 - 2011-10-15,1,11,5,1
2011-10-16 - 2011-10-22,1,11,5,2
2011-10-23 - 2011-10-29,1,18,8,2
2011-10-30 - 2011-11-05,1,19,8,3
2011-11-06 - 2011-11-12,1,35,10,3
2011-11-13 - 2011-11-19,1,13,12,5
2011-11-20 - 2011-11-26,1,6,8,4
2011-11-27 - 2011-12-03,1,6,8,3
2011-12-04 - 2011-12-10,0,5,6,4
2011-12-11 - 2011-12-17,1,5,6,4
2011-12-18 - 2011-12-24,1,6,4,5
2011-12-25 - 2011-12-31,1,10,5,8
2012-01-01 - 2012-01-07,1,13,7,8
2012-01-08 - 2012-01-14,1,13,5,5
2012-01-15 - 2012-01-21,0,22,6,3
2012-01-22 - 2012-01-28,1,11,8,4
2012-01-29 - 2012-02-04,1,17,9,5
2012-02-05 - 2012-02-11,1,13,8,4
2012-02-12 - 2012-02-18,1,15,9,3
2012-02-19 - 2012-02-25,1,15,9,2
2012-02-26 - 2012-03-03,1,18,7,1
2012-03-04 - 2012-03-10,1,14,8,1
2012-03-11 - 2012-03-17,1,15,9,1
2012-03-18 - 2012-03-24,1,16,9,1
2012-03-25 - 2012-03-31,1,13,7,0
2012-04-01 - 2012-04-07,1,11,6,0
2012-04-08 - 2012-04-14,1,11,5,0
2012-04-15 - 2012-04-21,1,11,6,0
2012-04-22 - 2012-04-28,2,13,6,0
2012-04-29 - 2012-05-05,3,12,7,0
2012-05-06 - 2012-05-12,3,11,6,0
2012-05-13 - 2012-05-19,2,10,6,0
2012-05-20 - 2012-05-26,3,10,7,0
2012-05-27 - 2012-06-02,3,8,7,0
2012-06-03 - 2012-06-09,6,10,7,0
2012-06-10 - 2012-06-16,6,7,9,1
2012-06-17 - 2012-06-23,8,8,8,0
2012-06-24 - 2012-06-30,7,7,8,0
2012-07-01 - 2012-07-07,7,8,9,0
2012-07-08 - 2012-07-14,8,8,10,0
2012-07-15 - 2012-07-21,6,7,11,0
2012-07-22 - 2012-07-28,13,8,11,0
2012-07-29 - 2012-08-04,12,7,10,1
2012-08-05 - 2012-08-11,11,6,11,0
2012-08-12 - 2012-08-18,4,7,9,0
2012-08-19 - 2012-08-25,4,7,10,0
2012-08-26 - 2012-09-01,3,7,9,0
2012-09-02 - 2012-09-08,1,8,7,1
2012-09-09 - 2012-09-15,1,8,8,0
2012-09-16 - 2012-09-22,1,10,7,0
2012-09-23 - 2012-09-29,1,7,6,1
2012-09-30 - 2012-10-06,1,7,7,1
2012-10-07 - 2012-10-13,1,11,7,1
2012-10-14 - 2012-10-20,1,10,6,1
2012-10-21 - 2012-10-27,1,9,9,1
2012-10-28 - 2012-11-03,1,8,8,2
2012-11-04 - 2012-11-10,1,9,7,2
2012-11-11 - 2012-11-17,1,6,8,3
2012-11-18 - 2012-11-24,1,6,8,3
2012-11-25 - 2012-12-01,4,5,8,5
2012-12-02 - 2012-12-08,1,5,9,5
2012-12-09 - 2012-12-15,1,6,6,5
2012-12-16 - 2012-12-22,1,5,7,6
2012-12-23 - 2012-12-29,1,7,6,6
2012-12-30 - 2013-01-05,1,6,6,5
2013-01-06 - 2013-01-12,1,7,6,3
2013-01-13 - 2013-01-19,1,7,7,3
2013-01-20 - 2013-01-26,1,7,6,2
2013-01-27 - 2013-02-02,0,7,6,2
2013-02-03 - 2013-02-09,0,5,5,1
2013-02-10 - 2013-02-16,1,5,5,1
2013-02-17 - 2013-02-23,1,6,6,1
2013-02-24 - 2013-03-02,1,6,6,1
2013-03-03 - 2013-03-09,0,5,6,1
2013-03-10 - 2013-03-16,1,6,6,1
2013-03-17 - 2013-03-23,1,6,7,0
2013-03-24 - 2013-03-30,1,7,7,1
2013-03-31 - 2013-04-06,1,8,6,0
2013-04-07 - 2013-04-13,1,10,6,0
2013-04-14 - 2013-04-20,1,12,7,0
2013-04-21 - 2013-04-27,1,13,7,0
2013-04-28 - 2013-05-04,1,14,6,0
2013-05-05 - 2013-05-11,2,9,6,0
2013-05-12 - 2013-05-18,3,10,8,0
2013-05-19 - 2013-05-25,4,9,8,0
2013-05-26 - 2013-06-01,4,8,8,1
2013-06-02 - 2013-06-08,7,7,10,0
2013-06-09 - 2013-06-15,9,8,9,0
2013-06-16 - 2013-06-22,9,7,10,0
2013-06-23 - 2013-06-29,6,7,9,0
2013-06-30 - 2013-07-06,16,8,11,0
2013-07-07 - 2013-07-13,9,7,11,0
2013-07-14 - 2013-07-20,8,7,10,0
2013-07-21 - 2013-07-27,8,6,11,0
2013-07-28 - 2013-08-03,7,7,10,0
2013-08-04 - 2013-08-10,10,7,12,1
2013-08-11 - 2013-08-17,9,7,12,0
2013-08-18 - 2013-08-24,6,7,10,1
2013-08-25 - 2013-08-31,12,7,12,0
2013-09-01 - 2013-09-07,2,8,7,1
2013-09-08 - 2013-09-14,2,7,7,0
2013-09-15 - 2013-09-21,1,4,6,0
2013-09-22 - 2013-09-28,1,9,8,1
2013-09-29 - 2013-10-05,1,9,7,1
2013-10-06 - 2013-10-12,1,10,8,1
2013-10-13 - 2013-10-19,1,9,7,1
2013-10-20 - 2013-10-26,1,9,7,1
2013-10-27 - 2013-11-02,1,9,8,1
2013-11-03 - 2013-11-09,1,10,9,2
2013-11-10 - 2013-11-16,1,6,10,3
2013-11-17 - 2013-11-23,1,6,12,4
2013-11-24 - 2013-11-30,1,5,11,5
2013-12-01 - 2013-12-07,1,5,9,4
2013-12-08 - 2013-12-14,1,5,8,4
2013-12-15 - 2013-12-21,1,5,7,6
2013-12-22 - 2013-12-28,1,6,7,5
2013-12-29 - 2014-01-04,1,6,7,3
2014-01-05 - 2014-01-11,1,6,6,3
2014-01-12 - 2014-01-18,1,6,7,2
2014-01-19 - 2014-01-25,1,6,6,2
2014-01-26 - 2014-02-01,0,4,6,2
2014-02-02 - 2014-02-08,1,5,7,2
2014-02-09 - 2014-02-15,1,6,6,1
2014-02-16 - 2014-02-22,1,6,6,1
2014-02-23 - 2014-03-01,1,6,6,1
2014-03-02 - 2014-03-08,1,5,6,1
2014-03-09 - 2014-03-15,1,6,6,0
2014-03-16 - 2014-03-22,1,6,7,1
2014-03-23 - 2014-03-29,1,7,6,1
2014-03-30 - 2014-04-05,1,9,7,0
2014-04-06 - 2014-04-12,1,9,7,0
2014-04-13 - 2014-04-19,1,9,7,1
2014-04-20 - 2014-04-26,2,8,7,0
2014-04-27 - 2014-05-03,2,8,7,0
2014-05-04 - 2014-05-10,2,7,8,0
2014-05-11 - 2014-05-17,3,7,9,0
2014-05-18 - 2014-05-24,5,7,9,0
2014-05-25 - 2014-05-31,8,7,9,0
2014-06-01 - 2014-06-07,7,6,10,0
2014-06-08 - 2014-06-14,5,6,10,0
2014-06-15 - 2014-06-21,6,5,10,0
2014-06-22 - 2014-06-28,5,6,9,0
2014-06-29 - 2014-07-05,6,6,10,0
2014-07-06 - 2014-07-12,8,5,12,0
2014-07-13 - 2014-07-19,7,7,12,0
2014-07-20 - 2014-07-26,8,7,11,0
2014-07-27 - 2014-08-02,6,6,11,0
2014-08-03 - 2014-08-09,5,6,12,1
2014-08-10 - 2014-08-16,2,6,9,1
2014-08-17 - 2014-08-23,2,6,9,0
2014-08-24 - 2014-08-30,2,6,9,0
2014-08-31 - 2014-09-06,2,6,8,0
2014-09-07 - 2014-09-13,1,5,8,1
2014-09-14 - 2014-09-20,1,7,8,1
2014-09-21 - 2014-09-27,1,9,8,1
2014-09-28 - 2014-10-04,1,8,8,1
2014-10-05 - 2014-10-11,1,8,7,1
2014-10-12 - 2014-10-18,1,8,8,1
2014-10-19 - 2014-10-25,1,8,8,1
2014-10-26 - 2014-11-01,1,7,8,2
2014-11-02 - 2014-11-08,2,6,9,2
2014-11-09 - 2014-11-15,1,8,10,3
2014-11-16 - 2014-11-22,1,7,12,3
2014-11-23 - 2014-11-29,1,5,12,3
2014-11-30 - 2014-12-06,1,5,12,5
2014-12-07 - 2014-12-13,1,6,10,4
2014-12-14 - 2014-12-20,1,5,9,5
2014-12-21 - 2014-12-27,1,5,11,5
2014-12-28 - 2015-01-03,1,5,11,4
2015-01-04 - 2015-01-10,1,6,12,3
2015-01-11 - 2015-01-17,1,6,13,3
2015-01-18 - 2015-01-24,1,5,17,2
2015-01-25 - 2015-01-31,0,6,17,2
2015-02-01 - 2015-02-07,1,6,18,2
2015-02-08 - 2015-02-14,1,5,19,2
2015-02-15 - 2015-02-21,1,4,20,1
2015-02-22 - 2015-02-28,1,5,24,1
2015-03-01 - 2015-03-07,1,5,25,1
2015-03-08 - 2015-03-14,1,6,28,1
2015-03-15 - 2015-03-21,1,6,29,1
2015-03-22 - 2015-03-28,1,6,27,0
2015-03-29 - 2015-04-04,1,7,33,0
2015-04-05 - 2015-04-11,1,7,29,0
2015-04-12 - 2015-04-18,1,9,32,0
2015-04-19 - 2015-04-25,1,9,30,0
2015-04-26 - 2015-05-02,3,9,32,0
2015-05-03 - 2015-05-09,3,8,40,0
2015-05-10 - 2015-05-16,3,8,37,0
2015-05-17 - 2015-05-23,4,9,36,0
2015-05-24 - 2015-05-30,5,7,55,0
2015-05-31 - 2015-06-06,5,7,47,0
2015-06-07 - 2015-06-13,6,6,52,0
2015-06-14 - 2015-06-20,7,6,42,0
2015-06-21 - 2015-06-27,6,6,44,0
2015-06-28 - 2015-07-04,6,6,50,0
2015-07-05 - 2015-07-11,7,6,42,0
2015-07-12 - 2015-07-18,7,6,48,0
2015-07-19 - 2015-07-25,8,6,43,0
2015-07-26 - 2015-08-01,11,6,42,0
2015-08-02 - 2015-08-08,11,6,38,0
2015-08-09 - 2015-08-15,6,6,38,0
2015-08-16 - 2015-08-22,4,6,33,0
2015-08-23 - 2015-08-29,3,5,34,0
2015-08-30 - 2015-09-05,2,6,53,0
2015-09-06 - 2015-09-12,2,7,54,1
2015-09-13 - 2015-09-19,2,7,36,1
2015-09-20 - 2015-09-26,2,6,34,1
2015-09-27 - 2015-10-03,1,6,35,1
2015-10-04 - 2015-10-10,1,8,30,1
2015-10-11 - 2015-10-17,1,8,30,1
2015-10-18 - 2015-10-24,1,7,29,1
2015-10-25 - 2015-10-31,1,7,27,2
2015-11-01 - 2015-11-07,1,7,27,2
2015-11-08 - 2015-11-14,1,9,35,2
2015-11-15 - 2015-11-21,2,5,31,3
2015-11-22 - 2015-11-28,1,5,27,4
2015-11-29 - 2015-12-05,1,6,28,4
2015-12-06 - 2015-12-12,1,5,25,4
2015-12-13 - 2015-12-19,1,6,20,4
2015-12-20 - 2015-12-26,1,5,21,5
2015-12-27 - 2016-01-02,1,6,18,4
2016-01-03 - 2016-01-09,1,7,21,3
2016-01-10 - 2016-01-16,1,6,19,3
2016-01-17 - 2016-01-23,1,6,17,3
2016-01-24 - 2016-01-30,1,6,20,2
2016-01-31 - 2016-02-06,1,5,24,2
2016-02-07 - 2016-02-13,1,4,20,1
2016-02-14 - 2016-02-20,1,6,21,1
2016-02-21 - 2016-02-27,1,5,18,1
2016-02-28 - 2016-03-05,1,5,19,1
2016-03-06 - 2016-03-12,1,6,17,1
2016-03-13 - 2016-03-19,1,6,20,0
2016-03-20 - 2016-03-26,1,7,20,0
2016-03-27 - 2016-04-02,1,7,19,1
2016-04-03 - 2016-04-09,1,8,17,0
2016-04-10 - 2016-04-16,2,8,15,0
2016-04-17 - 2016-04-23,2,10,16,1
,,,,
,,,,
선풍기에 대한 관심이 높은 지역,,,,
지역,선풍기,도시락,냉장고,목도리
대한민국,100,100,100,100
,,,,
도시락에 대한 관심이 높은 지역,,,,
지역,선풍기,도시락,냉장고,목도리
대한민국,100,100,100,100
,,,,
냉장고에 대한 관심이 높은 지역,,,,
지역,선풍기,도시락,냉장고,목도리
대한민국,100,100,100,100
,,,,
목도리에 대한 관심이 높은 지역,,,,
지역,선풍기,도시락,냉장고,목도리
대한민국,100,100,100,100
,,,,
,,,,
선풍기에 대한 관심이 높은 도시,,,,
도시,선풍기,,,
안양시 (대한민국),100,,,
부천시 (대한민국),87,,,
성남시 (대한민국),86,,,
부산광역시 (대한민국),86,,,
서울특별시 (대한민국),83,,,
수원시 (대한민국),81,,,
인천광역시 (대한민국),81,,,
김해시 (대한민국),79,,,
고양시 (대한민국),76,,,
대전광역시 (대한민국),75,,,
광주광역시 (대한민국),72,,,
대구광역시 (대한민국),69,,,
,,,,
도시락에 대한 관심이 높은 도시,,,,
도시,도시락,,,
안산시 (대한민국),100,,,
군포시 (대한민국),92,,,
부천시 (대한민국),83,,,
전주시 (대한민국),79,,,
대구광역시 (대한민국),77,,,
부산광역시 (대한민국),76,,,
천안시 (대한민국),74,,,
서울특별시 (대한민국),73,,,
광주광역시 (대한민국),73,,,
울산광역시 (대한민국),71,,,
안양시 (대한민국),71,,,
제주시 (대한민국),69,,,
대전광역시 (대한민국),69,,,
청주시 (대한민국),68,,,
성남시 (대한민국),67,,,
,,,,
냉장고에 대한 관심이 높은 도시,,,,
도시,냉장고,,,
남양주시 (대한민국),100,,,
화성시 (대한민국),93,,,
용인시 (대한민국),78,,,
진주시 (대한민국),77,,,
천안시 (대한민국),75,,,
춘천시 (대한민국),74,,,
고양시 (대한민국),72,,,
전주시 (대한민국),71,,,
수원시 (대한민국),70,,,
광주광역시 (대한민국),70,,,
부천시 (대한민국),69,,,
울산광역시 (대한민국),68,,,
포항시 (대한민국),68,,,
부산광역시 (대한민국),67,,,
구미시 (대한민국),67,,,
,,,,
목도리에 대한 관심이 높은 도시,,,,
도시,목도리,,,
안양시 (대한민국),100,,,
인천광역시 (대한민국),90,,,
성남시 (대한민국),89,,,
서울특별시 (대한민국),88,,,
광주광역시 (대한민국),87,,,
수원시 (대한민국),83,,,
대구광역시 (대한민국),82,,,
부산광역시 (대한민국),77,,,
대전광역시 (대한민국),76,,,
,,,,
,,,,
,,,,
선풍기에 대한 인기 검색어,,,,
선풍기아줌마,100,,,
신일선풍기,35,,,
선풍기가격,25,,,
한일선풍기,20,,,
usb 선풍기,20,,,
미니선풍기,20,,,
선풍기아주머니,15,,,
다이슨,15,,,
벽걸이선풍기,15,,,
대형선풍기,5,,,
차량용선풍기,5,,,
냉풍기,5,,,
이안나,5,,,
신일선풍기가격,5,,,
,,,,
,,,,
도시락에 대한 인기 검색어,,,,
한솥도시락,100,,,
한솥,100,,,
도시락만들기,65,,,
도시락반찬,50,,,
소풍도시락,25,,,
도시락전쟁,20,,,
도시락싸기,15,,,
보온도시락,15,,,
수능도시락,15,,,
예쁜도시락,15,,,
오봉도시락,10,,,
도시락반찬만들기,10,,,
토마토도시락,10,,,
주먹밥도시락,10,,,
아웃백,10,,,
과일도시락,10,,,
도시락폭탄,10,,,
피크닉도시락,5,,,
소풍도시락만들기,5,,,
예쁜도시락만들기,5,,,
김밥만들기,5,,,
본도시락,5,,,
도시락반찬종류,5,,,
본도시락,5,,,
날씬한도시락,5,,,
,,,,
,,,,
냉장고에 대한 인기 검색어,,,,
냉장고를,100,,,
냉장고를부탁해,100,,,
김치냉장고,35,,,
냉장고가격,20,,,
삼성냉장고,15,,,
중고냉장고,10,,,
딤채,10,,,
lg 냉장고,10,,,
냉장고 torrent,10,,,
딤채김치냉장고,5,,,
냉장고를 torrent,5,,,
지펠냉장고,5,,,
김치냉장고가격,5,,,
냉장고온도,5,,,
삼성김치냉장고,5,,,
엘지냉장고,5,,,
소형냉장고,5,,,
디오스냉장고,5,,,
삼성냉장고가격,5,,,
미니냉장고,5,,,
냉장고청소,5,,,
업소용냉장고,5,,,
양문형냉장고,5,,,
하이마트,5,,,
세탁기,0,,,
냉장고바지,0,,,
화장품냉장고,0,,,
김치냉장고추천,0,,,
차량용냉장고,0,,,
중고냉장고가격,0,,,
지펠냉장고가격,0,,,
김치냉장고중고,0,,,
비정상회담토렌트,0,,,
빌트인냉장고,0,,,
엘지김치냉장고,0,,,
,,,,
,,,,
목도리에 대한 인기 검색어,,,,
목도리매는법,100,,,
목도리뜨기,90,,,
뜨개질,85,,,
목도리뜨개질,85,,,
남자목도리,60,,,
목도리매는법,35,,,
머플러,30,,,
목도리예쁘게매는법,30,,,
밍크목도리,30,,,
목도리도마뱀,25,,,
여자목도리,15,,,
네키목도리,15,,,
남자목도리매는법,15,,,
커플목도리,10,,,
뜨개질마무리,10,,,
변형고무뜨기,10,,,
뜨게질,10,,,
뜨개질하는방법,10,,,
뜨개질하는법,5,,,
토끼털목도리,5,,,
목도리이쁘게매는법,5,,,
목도리뜨는법,5,,,
,,,,
,,,,
,,,,
선풍기에 대한 인기 상승 검색어,,,,
다이슨,급등,,,
선풍기아주머니,급등,,,
신일선풍기,110%,,,
선풍기가격,70%,,,
,,,,
,,,,
도시락에 대한 인기 상승 검색어,,,,
도시락싸기,급등,,,
도시락전쟁,급등,,,
수능도시락,급등,,,
오봉도시락,급등,,,
도시락만들기,100%,,,
소풍도시락,80%,,,
한솥도시락,60%,,,
,,,,
,,,,
냉장고에 대한 인기 상승 검색어,,,,
냉장고 torrent,급등,,,
냉장고를 torrent,급등,,,
냉장고를부탁해,급등,,,
냉장고를,1,900%,,
냉장고가격,500%,,,
김치냉장고가격,180%,,,
냉장고온도,140%,,,
삼성냉장고가격,80%,,,
미니냉장고,50%,,,
엘지냉장고,40%,,,
,,,,
,,,,
목도리에 대한 인기 상승 검색어,,,,
남자목도리,급등,,,
네키목도리,급등,,,
목도리도마뱀,급등,,,
목도리매는법,급등,,,
목도리예쁘게매는법,급등,,,
여자목도리,급등,,,
목도리매는법,40%,,,
